Event;Timestamp;Framecount;SessionID;Email;BCIState;InputWindow;InputWindowOrder;InterTrialTimer;InputWindowTimer;GameState;CurrentFabAlarm;AccInputTrialsLeft;AccInputRate;FabInputTrialsLeft;FabInputRate;RejInputTrialsLeft;RejInputRate;AssistSuccessTrialsLeft;AssistSuccessRate;AssistFailTrialsLeft;AssistFailRate;ExplicitShamTrialsLeft;ExplicitShamRate;TrialResult;TrialGoal;BCIConfidence;InputNumber;BCIThresholdBuffer
BCIStateUpdated;2021-01-28 10:12:50.6948;1;51caaf75357bcd94df42f378032ef3a6;anonymous;Connecting;NULL;NULL;NULL;NULL;NULL;NULL;NULL;NULL;NULL;NULL;NULL;NULL;NULL;NULL;NULL;NULL;NULL;NULL;NULL;NULL;NULL;NULL;NULL
BCIStateUpdated;2021-01-28 10:12:53.2703;17;51caaf75357bcd94df42f378032ef3a6;anonymous;ReceivingHeader;NULL;NULL;NULL;NULL;NULL;NULL;NULL;NULL;NULL;NULL;NULL;NULL;NULL;NULL;NULL;NULL;NULL;NULL;NULL;NULL;NULL;NULL;NULL
BCIStateUpdated;2021-01-28 10:12:53.3461;22;51caaf75357bcd94df42f378032ef3a6;anonymous;ReceivingData;NULL;NULL;NULL;NULL;NULL;NULL;NULL;NULL;NULL;NULL;NULL;NULL;NULL;NULL;NULL;NULL;NULL;NULL;NULL;NULL;NULL;NULL;NULL
GameRunning;2021-01-28 10:13:24.1406;1601;51caaf75357bcd94df42f378032ef3a6;anonymous;NULL;Closed;0;0.0000;0.0000;Running;0.0000;10;0.0000;0;0.0000;10;0.0000;0;0.0000;0;0.0000;0;0.0000;NA;NULL;NULL;NULL;NULL
InputWindowChange;2021-01-28 10:13:26.1255;1719;51caaf75357bcd94df42f378032ef3a6;anonymous;NULL;Open;0;0.0000;0.0000;Running;3.9540;10;0.0000;0;0.0000;10;0.0000;0;0.0000;0;0.0000;0;0.0000;NA;NULL;NULL;NULL;NULL
InputWindowChange;2021-01-28 10:13:31.1278;2014;51caaf75357bcd94df42f378032ef3a6;anonymous;NULL;Closed;0;0.0023;0.0000;Running;3.9540;10;0.0000;0;0.0000;10;0.0000;0;0.0000;0;0.0000;0;0.0000;NA;NULL;NULL;NULL;NULL
GameDecision;2021-01-28 10:13:31.1378;2014;51caaf75357bcd94df42f378032ef3a6;anonymous;NULL;Closed;0;0.0023;0.0000;Running;3.9540;10;0.0000;0;0.0000;9;0.0500;0;0.0000;0;0.0000;0;0.0000;RejInput;RejInput;NULL;NULL;NULL
MotorImagery;2021-01-28 10:13:31.9369;2062;51caaf75357bcd94df42f378032ef3a6;anonymous;ReceivingData;NULL;NULL;NULL;NULL;NULL;NULL;NULL;NULL;NULL;NULL;NULL;NULL;NULL;NULL;NULL;NULL;NULL;NULL;NULL;NULL;0.8793;1;(0.850 0.856 0.870 0.874 0.879 0.773 0.750 0.816 )
Rest;2021-01-28 10:13:32.0705;2070;51caaf75357bcd94df42f378032ef3a6;anonymous;ReceivingData;NULL;NULL;NULL;NULL;NULL;NULL;NULL;NULL;NULL;NULL;NULL;NULL;NULL;NULL;NULL;NULL;NULL;NULL;NULL;NULL;0.6884;1;(0.850 0.856 0.870 0.874 0.879 0.857 0.688 0.816 )
InputWindowChange;2021-01-28 10:13:33.1376;2131;51caaf75357bcd94df42f378032ef3a6;anonymous;NULL;Open;1;0.0000;0.0000;Running;3.2778;10;0.0000;0;0.0000;9;0.0500;0;0.0000;0;0.0000;0;0.0000;NA;NULL;NULL;NULL;NULL
InputWindowChange;2021-01-28 10:13:38.1392;2419;51caaf75357bcd94df42f378032ef3a6;anonymous;NULL;Closed;1;0.0013;0.0000;Running;3.2778;10;0.0000;0;0.0000;9;0.0500;0;0.0000;0;0.0000;0;0.0000;NA;NULL;NULL;NULL;NULL
GameDecision;2021-01-28 10:13:38.1562;2419;51caaf75357bcd94df42f378032ef3a6;anonymous;NULL;Closed;1;0.0013;0.0000;Running;3.2778;11;0.0000;0;0.0000;7;0.1000;0;0.0000;0;0.0000;0;0.0000;RejInput;AccInput;NULL;NULL;NULL
InputWindowChange;2021-01-28 10:13:40.1405;2536;51caaf75357bcd94df42f378032ef3a6;anonymous;NULL;Open;2;0.0000;0.0000;Running;2.4114;11;0.0000;0;0.0000;7;0.1000;0;0.0000;0;0.0000;0;0.0000;NA;NULL;NULL;NULL;NULL
MotorImagery;2021-01-28 10:13:40.2582;2543;51caaf75357bcd94df42f378032ef3a6;anonymous;ReceivingData;NULL;NULL;NULL;NULL;NULL;NULL;NULL;NULL;NULL;NULL;NULL;NULL;NULL;NULL;NULL;NULL;NULL;NULL;NULL;NULL;0.8257;2;(0.826 0.739 0.751 0.772 0.814 0.825 0.847 0.840 )
InputWindowChange;2021-01-28 10:13:40.2602;2543;51caaf75357bcd94df42f378032ef3a6;anonymous;NULL;Closed;2;-4.8823;0.0000;Running;2.4114;11;0.0000;0;0.0000;7;0.1000;0;0.0000;0;0.0000;0;0.0000;NA;NULL;NULL;NULL;NULL
GameDecision;2021-01-28 10:13:40.2652;2543;51caaf75357bcd94df42f378032ef3a6;anonymous;NULL;Closed;2;-4.8823;0.0000;Running;2.4114;10;0.0500;0;0.0000;7;0.1000;0;0.0000;0;0.0000;0;0.0000;AccInput;AccInput;NULL;NULL;NULL
Rest;2021-01-28 10:13:40.7539;2572;51caaf75357bcd94df42f378032ef3a6;anonymous;ReceivingData;NULL;NULL;NULL;NULL;NULL;NULL;NULL;NULL;NULL;NULL;NULL;NULL;NULL;NULL;NULL;NULL;NULL;NULL;NULL;NULL;0.6775;2;(0.826 0.834 0.834 0.820 0.820 0.787 0.757 0.678 )
MotorImagery;2021-01-28 10:13:43.8214;2754;51caaf75357bcd94df42f378032ef3a6;anonymous;ReceivingData;NULL;NULL;NULL;NULL;NULL;NULL;NULL;NULL;NULL;NULL;NULL;NULL;NULL;NULL;NULL;NULL;NULL;NULL;NULL;NULL;0.7406;3;(0.757 0.770 0.749 0.741 0.703 0.704 0.760 0.750 )
Rest;2021-01-28 10:13:43.8373;2755;51caaf75357bcd94df42f378032ef3a6;anonymous;ReceivingData;NULL;NULL;NULL;NULL;NULL;NULL;NULL;NULL;NULL;NULL;NULL;NULL;NULL;NULL;NULL;NULL;NULL;NULL;NULL;NULL;0.6854;3;(0.757 0.770 0.749 0.741 0.685 0.704 0.760 0.750 )
InputWindowChange;2021-01-28 10:13:47.1489;2951;51caaf75357bcd94df42f378032ef3a6;anonymous;NULL;Open;3;0.0000;0.0000;Running;2.4346;10;0.0500;0;0.0000;7;0.1000;0;0.0000;0;0.0000;0;0.0000;NA;NULL;NULL;NULL;NULL
InputWindowChange;2021-01-28 10:13:52.1545;3246;51caaf75357bcd94df42f378032ef3a6;anonymous;NULL;Closed;3;0.0076;0.0000;Running;2.4346;10;0.0500;0;0.0000;7;0.1000;0;0.0000;0;0.0000;0;0.0000;NA;NULL;NULL;NULL;NULL
GameDecision;2021-01-28 10:13:52.1585;3246;51caaf75357bcd94df42f378032ef3a6;anonymous;NULL;Closed;3;0.0076;0.0000;Running;2.4346;11;0.0500;0;0.0000;5;0.1500;0;0.0000;0;0.0000;0;0.0000;RejInput;AccInput;NULL;NULL;NULL
InputWindowChange;2021-01-28 10:13:54.1536;3363;51caaf75357bcd94df42f378032ef3a6;anonymous;NULL;Open;4;0.0000;0.0000;Running;4.7185;11;0.0500;0;0.0000;5;0.1500;0;0.0000;0;0.0000;0;0.0000;NA;NULL;NULL;NULL;NULL
InputWindowChange;2021-01-28 10:13:59.1650;3658;51caaf75357bcd94df42f378032ef3a6;anonymous;NULL;Closed;4;0.0125;0.0000;Running;4.7185;11;0.0500;0;0.0000;5;0.1500;0;0.0000;0;0.0000;0;0.0000;NA;NULL;NULL;NULL;NULL
GameDecision;2021-01-28 10:13:59.1670;3658;51caaf75357bcd94df42f378032ef3a6;anonymous;NULL;Closed;4;0.0125;0.0000;Running;4.7185;12;0.0500;0;0.0000;3;0.2000;0;0.0000;0;0.0000;0;0.0000;RejInput;AccInput;NULL;NULL;NULL
InputWindowChange;2021-01-28 10:14:01.1641;3775;51caaf75357bcd94df42f378032ef3a6;anonymous;NULL;Open;5;0.0000;0.0000;Running;3.8929;12;0.0500;0;0.0000;3;0.2000;0;0.0000;0;0.0000;0;0.0000;NA;NULL;NULL;NULL;NULL
MotorImagery;2021-01-28 10:14:01.3187;3784;51caaf75357bcd94df42f378032ef3a6;anonymous;ReceivingData;NULL;NULL;NULL;NULL;NULL;NULL;NULL;NULL;NULL;NULL;NULL;NULL;NULL;NULL;NULL;NULL;NULL;NULL;NULL;NULL;0.8443;4;(0.704 0.709 0.725 0.759 0.751 0.765 0.842 0.844 )
InputWindowChange;2021-01-28 10:14:01.3197;3784;51caaf75357bcd94df42f378032ef3a6;anonymous;NULL;Closed;5;-4.8475;0.0000;Running;3.8929;12;0.0500;0;0.0000;3;0.2000;0;0.0000;0;0.0000;0;0.0000;NA;NULL;NULL;NULL;NULL
GameDecision;2021-01-28 10:14:01.3197;3784;51caaf75357bcd94df42f378032ef3a6;anonymous;NULL;Closed;5;-4.8475;0.0000;Running;3.8929;11;0.1000;0;0.0000;3;0.2000;0;0.0000;0;0.0000;0;0.0000;AccInput;AccInput;NULL;NULL;NULL
Rest;2021-01-28 10:14:01.5875;3800;51caaf75357bcd94df42f378032ef3a6;anonymous;ReceivingData;NULL;NULL;NULL;NULL;NULL;NULL;NULL;NULL;NULL;NULL;NULL;NULL;NULL;NULL;NULL;NULL;NULL;NULL;NULL;NULL;0.6722;4;(0.827 0.801 0.785 0.672 0.751 0.765 0.842 0.844 )
InputWindowChange;2021-01-28 10:14:08.1686;4191;51caaf75357bcd94df42f378032ef3a6;anonymous;NULL;Open;6;0.0000;0.0000;Running;2.4369;11;0.1000;0;0.0000;3;0.2000;0;0.0000;0;0.0000;0;0.0000;NA;NULL;NULL;NULL;NULL
MotorImagery;2021-01-28 10:14:09.6357;4277;51caaf75357bcd94df42f378032ef3a6;anonymous;ReceivingData;NULL;NULL;NULL;NULL;NULL;NULL;NULL;NULL;NULL;NULL;NULL;NULL;NULL;NULL;NULL;NULL;NULL;NULL;NULL;NULL;0.7374;5;(0.735 0.739 0.741 0.737 0.728 0.747 0.764 0.744 )
InputWindowChange;2021-01-28 10:14:09.6408;4277;51caaf75357bcd94df42f378032ef3a6;anonymous;NULL;Closed;6;-3.5332;0.0000;Running;2.4369;11;0.1000;0;0.0000;3;0.2000;0;0.0000;0;0.0000;0;0.0000;NA;NULL;NULL;NULL;NULL
GameDecision;2021-01-28 10:14:09.6427;4277;51caaf75357bcd94df42f378032ef3a6;anonymous;NULL;Closed;6;-3.5332;0.0000;Running;2.4369;10;0.1500;0;0.0000;3;0.2000;0;0.0000;0;0.0000;0;0.0000;AccInput;AccInput;NULL;NULL;NULL
Rest;2021-01-28 10:14:09.7614;4284;51caaf75357bcd94df42f378032ef3a6;anonymous;ReceivingData;NULL;NULL;NULL;NULL;NULL;NULL;NULL;NULL;NULL;NULL;NULL;NULL;NULL;NULL;NULL;NULL;NULL;NULL;NULL;NULL;0.6327;5;(0.735 0.739 0.741 0.737 0.712 0.633 0.764 0.744 )
InputWindowChange;2021-01-28 10:14:15.1847;4606;51caaf75357bcd94df42f378032ef3a6;anonymous;NULL;Open;7;0.0000;0.0000;Running;2.5340;10;0.1500;0;0.0000;3;0.2000;0;0.0000;0;0.0000;0;0.0000;NA;NULL;NULL;NULL;NULL
MotorImagery;2021-01-28 10:14:18.1781;4783;51caaf75357bcd94df42f378032ef3a6;anonymous;ReceivingData;NULL;NULL;NULL;NULL;NULL;NULL;NULL;NULL;NULL;NULL;NULL;NULL;NULL;NULL;NULL;NULL;NULL;NULL;NULL;NULL;0.8931;6;(0.893 0.709 0.736 0.809 0.860 0.870 0.893 0.892 )
InputWindowChange;2021-01-28 10:14:18.1781;4783;51caaf75357bcd94df42f378032ef3a6;anonymous;NULL;Closed;7;-2.0048;0.0000;Running;2.5340;10;0.1500;0;0.0000;3;0.2000;0;0.0000;0;0.0000;0;0.0000;NA;NULL;NULL;NULL;NULL
GameDecision;2021-01-28 10:14:18.1791;4783;51caaf75357bcd94df42f378032ef3a6;anonymous;NULL;Closed;7;-2.0048;0.0000;Running;2.5340;9;0.2000;0;0.0000;3;0.2000;0;0.0000;0;0.0000;0;0.0000;AccInput;AccInput;NULL;NULL;NULL
Rest;2021-01-28 10:14:18.8410;4822;51caaf75357bcd94df42f378032ef3a6;anonymous;ReceivingData;NULL;NULL;NULL;NULL;NULL;NULL;NULL;NULL;NULL;NULL;NULL;NULL;NULL;NULL;NULL;NULL;NULL;NULL;NULL;NULL;0.6857;6;(0.763 0.752 0.751 0.733 0.686 0.867 0.841 0.818 )
MotorImagery;2021-01-28 10:14:21.7611;4995;51caaf75357bcd94df42f378032ef3a6;anonymous;ReceivingData;NULL;NULL;NULL;NULL;NULL;NULL;NULL;NULL;NULL;NULL;NULL;NULL;NULL;NULL;NULL;NULL;NULL;NULL;NULL;NULL;0.7153;7;(0.783 0.799 0.779 0.773 0.715 0.740 0.810 0.795 )
Rest;2021-01-28 10:14:21.8948;5003;51caaf75357bcd94df42f378032ef3a6;anonymous;ReceivingData;NULL;NULL;NULL;NULL;NULL;NULL;NULL;NULL;NULL;NULL;NULL;NULL;NULL;NULL;NULL;NULL;NULL;NULL;NULL;NULL;0.6811;7;(0.783 0.799 0.779 0.773 0.715 0.710 0.681 0.795 )
InputWindowChange;2021-01-28 10:14:22.1860;5020;51caaf75357bcd94df42f378032ef3a6;anonymous;NULL;Open;8;0.0000;0.0000;Running;3.3159;9;0.2000;0;0.0000;3;0.2000;0;0.0000;0;0.0000;0;0.0000;NA;NULL;NULL;NULL;NULL
InputWindowChange;2021-01-28 10:14:27.1967;5316;51caaf75357bcd94df42f378032ef3a6;anonymous;NULL;Closed;8;0.0098;0.0000;Running;3.3159;9;0.2000;0;0.0000;3;0.2000;0;0.0000;0;0.0000;0;0.0000;NA;NULL;NULL;NULL;NULL
GameDecision;2021-01-28 10:14:27.2017;5316;51caaf75357bcd94df42f378032ef3a6;anonymous;NULL;Closed;8;0.0098;0.0000;Running;3.3159;10;0.2000;0;0.0000;1;0.2500;0;0.0000;0;0.0000;0;0.0000;RejInput;AccInput;NULL;NULL;NULL
InputWindowChange;2021-01-28 10:14:29.1947;5433;51caaf75357bcd94df42f378032ef3a6;anonymous;NULL;Open;9;0.0000;0.0000;Running;2.1470;10;0.2000;0;0.0000;1;0.2500;0;0.0000;0;0.0000;0;0.0000;NA;NULL;NULL;NULL;NULL
MotorImagery;2021-01-28 10:14:32.0066;5599;51caaf75357bcd94df42f378032ef3a6;anonymous;ReceivingData;NULL;NULL;NULL;NULL;NULL;NULL;NULL;NULL;NULL;NULL;NULL;NULL;NULL;NULL;NULL;NULL;NULL;NULL;NULL;NULL;0.7510;8;(0.751 0.747 0.768 0.760 0.780 0.771 0.771 0.772 )
InputWindowChange;2021-01-28 10:14:32.0076;5599;51caaf75357bcd94df42f378032ef3a6;anonymous;NULL;Closed;9;-2.1838;0.0000;Running;2.1470;10;0.2000;0;0.0000;1;0.2500;0;0.0000;0;0.0000;0;0.0000;NA;NULL;NULL;NULL;NULL
GameDecision;2021-01-28 10:14:32.0086;5599;51caaf75357bcd94df42f378032ef3a6;anonymous;NULL;Closed;9;-2.1838;0.0000;Running;2.1470;9;0.2500;0;0.0000;1;0.2500;0;0.0000;0;0.0000;0;0.0000;AccInput;AccInput;NULL;NULL;NULL
Rest;2021-01-28 10:14:32.0914;5604;51caaf75357bcd94df42f378032ef3a6;anonymous;ReceivingData;NULL;NULL;NULL;NULL;NULL;NULL;NULL;NULL;NULL;NULL;NULL;NULL;NULL;NULL;NULL;NULL;NULL;NULL;NULL;NULL;0.6975;8;(0.751 0.698 0.768 0.760 0.780 0.771 0.771 0.772 )
InputWindowChange;2021-01-28 10:14:36.2017;5847;51caaf75357bcd94df42f378032ef3a6;anonymous;NULL;Open;10;0.0000;0.0000;Running;4.8722;9;0.2500;0;0.0000;1;0.2500;0;0.0000;0;0.0000;0;0.0000;NA;NULL;NULL;NULL;NULL
MotorImagery;2021-01-28 10:14:37.2262;5907;51caaf75357bcd94df42f378032ef3a6;anonymous;ReceivingData;NULL;NULL;NULL;NULL;NULL;NULL;NULL;NULL;NULL;NULL;NULL;NULL;NULL;NULL;NULL;NULL;NULL;NULL;NULL;NULL;0.7377;9;(0.714 0.728 0.737 0.753 0.747 0.748 0.766 0.738 )
InputWindowChange;2021-01-28 10:14:37.2272;5907;51caaf75357bcd94df42f378032ef3a6;anonymous;NULL;Closed;10;-3.9774;0.0000;Running;4.8722;9;0.2500;0;0.0000;1;0.2500;0;0.0000;0;0.0000;0;0.0000;NA;NULL;NULL;NULL;NULL
GameDecision;2021-01-28 10:14:37.2272;5907;51caaf75357bcd94df42f378032ef3a6;anonymous;NULL;Closed;10;-3.9774;0.0000;Running;4.8722;8;0.3000;0;0.0000;1;0.2500;0;0.0000;0;0.0000;0;0.0000;AccInput;AccInput;NULL;NULL;NULL
Rest;2021-01-28 10:14:38.1096;5959;51caaf75357bcd94df42f378032ef3a6;anonymous;ReceivingData;NULL;NULL;NULL;NULL;NULL;NULL;NULL;NULL;NULL;NULL;NULL;NULL;NULL;NULL;NULL;NULL;NULL;NULL;NULL;NULL;0.5047;9;(0.821 0.748 0.753 0.749 0.729 0.505 0.824 0.854 )
InputWindowChange;2021-01-28 10:14:43.2075;6259;51caaf75357bcd94df42f378032ef3a6;anonymous;NULL;Open;11;0.0000;0.0000;Running;4.3038;8;0.3000;0;0.0000;1;0.2500;0;0.0000;0;0.0000;0;0.0000;NA;NULL;NULL;NULL;NULL
InputWindowChange;2021-01-28 10:14:48.2241;6554;51caaf75357bcd94df42f378032ef3a6;anonymous;NULL;Closed;11;0.0118;0.0000;Running;4.3038;8;0.3000;0;0.0000;1;0.2500;0;0.0000;0;0.0000;0;0.0000;NA;NULL;NULL;NULL;NULL
GameDecision;2021-01-28 10:14:48.2271;6554;51caaf75357bcd94df42f378032ef3a6;anonymous;NULL;Closed;11;0.0118;0.0000;Running;4.3038;9;0.3000;0;0.0000;0;0.3000;0;0.0000;0;0.0000;0;0.0000;RejInput;AccInput;NULL;NULL;NULL
InputWindowChange;2021-01-28 10:14:50.2227;6671;51caaf75357bcd94df42f378032ef3a6;anonymous;NULL;Open;12;0.0000;0.0000;Running;1.1737;9;0.3000;0;0.0000;0;0.3000;0;0.0000;0;0.0000;0;0.0000;NA;NULL;NULL;NULL;NULL
MotorImagery;2021-01-28 10:14:54.5994;6930;51caaf75357bcd94df42f378032ef3a6;anonymous;ReceivingData;NULL;NULL;NULL;NULL;NULL;NULL;NULL;NULL;NULL;NULL;NULL;NULL;NULL;NULL;NULL;NULL;NULL;NULL;NULL;NULL;0.8665;10;(0.866 0.717 0.737 0.766 0.794 0.830 0.835 0.869 )
InputWindowChange;2021-01-28 10:14:54.5994;6930;51caaf75357bcd94df42f378032ef3a6;anonymous;NULL;Closed;12;-0.6199;0.0000;Running;1.1737;9;0.3000;0;0.0000;0;0.3000;0;0.0000;0;0.0000;0;0.0000;NA;NULL;NULL;NULL;NULL
GameDecision;2021-01-28 10:14:54.6014;6930;51caaf75357bcd94df42f378032ef3a6;anonymous;NULL;Closed;12;-0.6199;0.0000;Running;1.1737;8;0.3500;0;0.0000;0;0.3000;0;0.0000;0;0.0000;0;0.0000;AccInput;AccInput;NULL;NULL;NULL
Rest;2021-01-28 10:14:55.2570;6969;51caaf75357bcd94df42f378032ef3a6;anonymous;ReceivingData;NULL;NULL;NULL;NULL;NULL;NULL;NULL;NULL;NULL;NULL;NULL;NULL;NULL;NULL;NULL;NULL;NULL;NULL;NULL;NULL;0.6529;10;(0.776 0.721 0.709 0.713 0.653 0.820 0.823 0.813 )
InputWindowChange;2021-01-28 10:14:57.2347;7086;51caaf75357bcd94df42f378032ef3a6;anonymous;NULL;Open;13;0.0000;0.0000;Running;3.8439;8;0.3500;0;0.0000;0;0.3000;0;0.0000;0;0.0000;0;0.0000;NA;NULL;NULL;NULL;NULL
MotorImagery;2021-01-28 10:14:58.9393;7187;51caaf75357bcd94df42f378032ef3a6;anonymous;ReceivingData;NULL;NULL;NULL;NULL;NULL;NULL;NULL;NULL;NULL;NULL;NULL;NULL;NULL;NULL;NULL;NULL;NULL;NULL;NULL;NULL;0.7361;11;(0.748 0.736 0.704 0.710 0.726 0.733 0.750 0.741 )
Rest;2021-01-28 10:14:59.8563;7240;51caaf75357bcd94df42f378032ef3a6;anonymous;ReceivingData;NULL;NULL;NULL;NULL;NULL;NULL;NULL;NULL;NULL;NULL;NULL;NULL;NULL;NULL;NULL;NULL;NULL;NULL;NULL;NULL;0.6913;11;(0.722 0.691 0.786 0.784 0.798 0.796 0.775 0.760 )
InputWindowChange;2021-01-28 10:15:02.2495;7381;51caaf75357bcd94df42f378032ef3a6;anonymous;NULL;Closed;13;0.0130;0.0000;Running;3.8439;8;0.3500;0;0.0000;0;0.3000;0;0.0000;0;0.0000;0;0.0000;NA;NULL;NULL;NULL;NULL
GameDecision;2021-01-28 10:15:02.2525;7381;51caaf75357bcd94df42f378032ef3a6;anonymous;NULL;Closed;13;0.0130;0.0000;Running;3.8439;8;0.3500;0;0.0000;0;0.3500;0;0.0000;0;0.0000;0;0.0000;RejInput;RejInput;NULL;NULL;NULL
InputWindowChange;2021-01-28 10:15:04.2531;7499;51caaf75357bcd94df42f378032ef3a6;anonymous;NULL;Open;14;0.0000;0.0000;Running;2.3215;8;0.3500;0;0.0000;0;0.3500;0;0.0000;0;0.0000;0;0.0000;NA;NULL;NULL;NULL;NULL
InputWindowChange;2021-01-28 10:15:09.2559;7795;51caaf75357bcd94df42f378032ef3a6;anonymous;NULL;Closed;14;0.0042;0.0000;Running;2.3215;8;0.3500;0;0.0000;0;0.3500;0;0.0000;0;0.0000;0;0.0000;NA;NULL;NULL;NULL;NULL
GameDecision;2021-01-28 10:15:09.2629;7795;51caaf75357bcd94df42f378032ef3a6;anonymous;NULL;Closed;14;0.0042;0.0000;Running;2.3215;9;0.3500;0;0.0000;0;0.4000;0;0.0000;0;0.0000;0;0.0000;RejInput;AccInput;NULL;NULL;NULL
InputWindowChange;2021-01-28 10:15:11.2611;7913;51caaf75357bcd94df42f378032ef3a6;anonymous;NULL;Open;15;0.0000;0.0000;Running;4.6579;9;0.3500;0;0.0000;0;0.4000;0;0.0000;0;0.0000;0;0.0000;NA;NULL;NULL;NULL;NULL
MotorImagery;2021-01-28 10:15:11.9667;7955;51caaf75357bcd94df42f378032ef3a6;anonymous;ReceivingData;NULL;NULL;NULL;NULL;NULL;NULL;NULL;NULL;NULL;NULL;NULL;NULL;NULL;NULL;NULL;NULL;NULL;NULL;NULL;NULL;0.7961;12;(0.738 0.742 0.778 0.796 0.737 0.799 0.787 0.783 )
InputWindowChange;2021-01-28 10:15:11.9677;7955;51caaf75357bcd94df42f378032ef3a6;anonymous;NULL;Closed;15;-4.2936;0.0000;Running;4.6579;9;0.3500;0;0.0000;0;0.4000;0;0.0000;0;0.0000;0;0.0000;NA;NULL;NULL;NULL;NULL
GameDecision;2021-01-28 10:15:11.9687;7955;51caaf75357bcd94df42f378032ef3a6;anonymous;NULL;Closed;15;-4.2936;0.0000;Running;4.6579;8;0.4000;0;0.0000;0;0.4000;0;0.0000;0;0.0000;0;0.0000;AccInput;AccInput;NULL;NULL;NULL
Rest;2021-01-28 10:15:12.3383;7977;51caaf75357bcd94df42f378032ef3a6;anonymous;ReceivingData;NULL;NULL;NULL;NULL;NULL;NULL;NULL;NULL;NULL;NULL;NULL;NULL;NULL;NULL;NULL;NULL;NULL;NULL;NULL;NULL;0.6460;12;(0.741 0.646 0.778 0.796 0.796 0.785 0.788 0.746 )
MotorImagery;2021-01-28 10:15:14.3936;8099;51caaf75357bcd94df42f378032ef3a6;anonymous;ReceivingData;NULL;NULL;NULL;NULL;NULL;NULL;NULL;NULL;NULL;NULL;NULL;NULL;NULL;NULL;NULL;NULL;NULL;NULL;NULL;NULL;0.7330;13;(0.725 0.752 0.754 0.733 0.720 0.733 0.745 0.761 )
Rest;2021-01-28 10:15:14.4095;8100;51caaf75357bcd94df42f378032ef3a6;anonymous;ReceivingData;NULL;NULL;NULL;NULL;NULL;NULL;NULL;NULL;NULL;NULL;NULL;NULL;NULL;NULL;NULL;NULL;NULL;NULL;NULL;NULL;0.6756;13;(0.725 0.752 0.754 0.733 0.676 0.733 0.745 0.761 )
MotorImagery;2021-01-28 10:15:18.2256;8326;51caaf75357bcd94df42f378032ef3a6;anonymous;ReceivingData;NULL;NULL;NULL;NULL;NULL;NULL;NULL;NULL;NULL;NULL;NULL;NULL;NULL;NULL;NULL;NULL;NULL;NULL;NULL;NULL;0.7319;14;(0.752 0.782 0.739 0.732 0.744 0.780 0.794 0.756 )
InputWindowChange;2021-01-28 10:15:18.2764;8329;51caaf75357bcd94df42f378032ef3a6;anonymous;NULL;Open;16;0.0000;0.0000;Running;1.2311;8;0.4000;0;0.0000;0;0.4000;0;0.0000;0;0.0000;0;0.0000;NA;NULL;NULL;NULL;NULL
Rest;2021-01-28 10:15:18.6125;8349;51caaf75357bcd94df42f378032ef3a6;anonymous;ReceivingData;NULL;NULL;NULL;NULL;NULL;NULL;NULL;NULL;NULL;NULL;NULL;NULL;NULL;NULL;NULL;NULL;NULL;NULL;NULL;NULL;0.6957;14;(0.818 0.765 0.696 0.732 0.773 0.785 0.799 0.773 )
InputWindowChange;2021-01-28 10:15:23.2939;8625;51caaf75357bcd94df42f378032ef3a6;anonymous;NULL;Closed;16;0.0164;0.0000;Running;1.2311;8;0.4000;0;0.0000;0;0.4000;0;0.0000;0;0.0000;0;0.0000;NA;NULL;NULL;NULL;NULL
GameDecision;2021-01-28 10:15:23.2979;8625;51caaf75357bcd94df42f378032ef3a6;anonymous;NULL;Closed;16;0.0164;0.0000;Running;1.2311;9;0.4000;0;0.0000;0;0.4500;0;0.0000;0;0.0000;0;0.0000;RejInput;AccInput;NULL;NULL;NULL
InputWindowChange;2021-01-28 10:15:25.2769;8742;51caaf75357bcd94df42f378032ef3a6;anonymous;NULL;Open;17;0.0000;0.0000;Running;2.6358;9;0.4000;0;0.0000;0;0.4500;0;0.0000;0;0.0000;0;0.0000;NA;NULL;NULL;NULL;NULL
MotorImagery;2021-01-28 10:15:27.4203;8869;51caaf75357bcd94df42f378032ef3a6;anonymous;ReceivingData;NULL;NULL;NULL;NULL;NULL;NULL;NULL;NULL;NULL;NULL;NULL;NULL;NULL;NULL;NULL;NULL;NULL;NULL;NULL;NULL;0.7971;15;(0.719 0.718 0.720 0.736 0.734 0.797 0.743 0.724 )
InputWindowChange;2021-01-28 10:15:27.4223;8869;51caaf75357bcd94df42f378032ef3a6;anonymous;NULL;Closed;17;-2.8607;0.0000;Running;2.6358;9;0.4000;0;0.0000;0;0.4500;0;0.0000;0;0.0000;0;0.0000;NA;NULL;NULL;NULL;NULL
GameDecision;2021-01-28 10:15:27.4263;8869;51caaf75357bcd94df42f378032ef3a6;anonymous;NULL;Closed;17;-2.8607;0.0000;Running;2.6358;8;0.4500;0;0.0000;0;0.4500;0;0.0000;0;0.0000;0;0.0000;AccInput;AccInput;NULL;NULL;NULL
Rest;2021-01-28 10:15:28.2073;8916;51caaf75357bcd94df42f378032ef3a6;anonymous;ReceivingData;NULL;NULL;NULL;NULL;NULL;NULL;NULL;NULL;NULL;NULL;NULL;NULL;NULL;NULL;NULL;NULL;NULL;NULL;NULL;NULL;0.6544;15;(0.803 0.750 0.734 0.654 0.874 0.869 0.843 0.808 )
InputWindowChange;2021-01-28 10:15:32.2888;9157;51caaf75357bcd94df42f378032ef3a6;anonymous;NULL;Open;18;0.0000;0.0000;Running;1.7032;8;0.4500;0;0.0000;0;0.4500;0;0.0000;0;0.0000;0;0.0000;NA;NULL;NULL;NULL;NULL
MotorImagery;2021-01-28 10:15:34.5723;9292;51caaf75357bcd94df42f378032ef3a6;anonymous;ReceivingData;NULL;NULL;NULL;NULL;NULL;NULL;NULL;NULL;NULL;NULL;NULL;NULL;NULL;NULL;NULL;NULL;NULL;NULL;NULL;NULL;0.7794;16;(0.796 0.796 0.819 0.806 0.779 0.784 0.791 0.780 )
Rest;2021-01-28 10:15:34.8277;9307;51caaf75357bcd94df42f378032ef3a6;anonymous;ReceivingData;NULL;NULL;NULL;NULL;NULL;NULL;NULL;NULL;NULL;NULL;NULL;NULL;NULL;NULL;NULL;NULL;NULL;NULL;NULL;NULL;0.6889;16;(0.689 0.796 0.819 0.806 0.779 0.762 0.740 0.712 )
MotorImagery;2021-01-28 10:15:36.9968;9436;51caaf75357bcd94df42f378032ef3a6;anonymous;ReceivingData;NULL;NULL;NULL;NULL;NULL;NULL;NULL;NULL;NULL;NULL;NULL;NULL;NULL;NULL;NULL;NULL;NULL;NULL;NULL;NULL;0.7238;17;(0.739 0.734 0.757 0.757 0.752 0.724 0.712 0.706 )
Rest;2021-01-28 10:15:37.1315;9444;51caaf75357bcd94df42f378032ef3a6;anonymous;ReceivingData;NULL;NULL;NULL;NULL;NULL;NULL;NULL;NULL;NULL;NULL;NULL;NULL;NULL;NULL;NULL;NULL;NULL;NULL;NULL;NULL;0.6877;17;(0.739 0.734 0.757 0.757 0.752 0.724 0.735 0.688 )
InputWindowChange;2021-01-28 10:15:37.2990;9454;51caaf75357bcd94df42f378032ef3a6;anonymous;NULL;Closed;18;0.0152;0.0000;Running;1.7032;8;0.4500;0;0.0000;0;0.4500;0;0.0000;0;0.0000;0;0.0000;NA;NULL;NULL;NULL;NULL
GameDecision;2021-01-28 10:15:37.2990;9454;51caaf75357bcd94df42f378032ef3a6;anonymous;NULL;Closed;18;0.0152;0.0000;Running;1.7032;8;0.4500;0;0.0000;0;0.5000;0;0.0000;0;0.0000;0;0.0000;RejInput;RejInput;NULL;NULL;NULL
InputWindowChange;2021-01-28 10:15:39.3028;9572;51caaf75357bcd94df42f378032ef3a6;anonymous;NULL;Open;19;0.0000;0.0000;Running;4.3200;8;0.4500;0;0.0000;0;0.5000;0;0.0000;0;0.0000;0;0.0000;NA;NULL;NULL;NULL;NULL
MotorImagery;2021-01-28 10:15:44.1759;9860;51caaf75357bcd94df42f378032ef3a6;anonymous;ReceivingData;NULL;NULL;NULL;NULL;NULL;NULL;NULL;NULL;NULL;NULL;NULL;NULL;NULL;NULL;NULL;NULL;NULL;NULL;NULL;NULL;0.7313;18;(0.749 0.772 0.787 0.754 0.716 0.731 0.715 0.733 )
InputWindowChange;2021-01-28 10:15:44.1759;9860;51caaf75357bcd94df42f378032ef3a6;anonymous;NULL;Closed;19;-0.1228;0.0000;Running;4.3200;8;0.4500;0;0.0000;0;0.5000;0;0.0000;0;0.0000;0;0.0000;NA;NULL;NULL;NULL;NULL
GameDecision;2021-01-28 10:15:44.1769;9860;51caaf75357bcd94df42f378032ef3a6;anonymous;NULL;Closed;19;-0.1228;0.0000;Running;4.3200;7;0.5000;0;0.0000;0;0.5000;0;0.0000;0;0.0000;0;0.0000;AccInput;AccInput;NULL;NULL;NULL
Rest;2021-01-28 10:15:44.4521;9876;51caaf75357bcd94df42f378032ef3a6;anonymous;ReceivingData;NULL;NULL;NULL;NULL;NULL;NULL;NULL;NULL;NULL;NULL;NULL;NULL;NULL;NULL;NULL;NULL;NULL;NULL;NULL;NULL;0.6908;18;(0.714 0.715 0.691 0.754 0.716 0.731 0.746 0.748 )
GameStopped;2021-01-28 10:15:46.3065;9985;51caaf75357bcd94df42f378032ef3a6;anonymous;NULL;Closed;20;0.0000;0.0000;Stopped;4.3200;7;0.5000;0;0.0000;0;0.5000;0;0.0000;0;0.0000;0;0.0000;NA;NULL;NULL;NULL;NULL
MotorImagery;2021-01-28 10:15:47.7441;10065;51caaf75357bcd94df42f378032ef3a6;anonymous;0.8021;ReceivingData;19;(0.802 0.714 0.726 0.749 0.747 0.769 0.784 0.806 );NULL;NULL;NULL;NULL;NULL;NULL;NULL;NULL;NULL;NULL;NULL;NULL;NULL;NULL;NULL;NULL;NULL;NULL;NULL
Rest;2021-01-28 10:15:47.9835;10079;51caaf75357bcd94df42f378032ef3a6;anonymous;0.6737;ReceivingData;19;(0.802 0.781 0.782 0.705 0.674 0.769 0.784 0.806 );NULL;NULL;NULL;NULL;NULL;NULL;NULL;NULL;NULL;NULL;NULL;NULL;NULL;NULL;NULL;NULL;NULL;NULL;NULL
GameStopped;2021-01-28 10:15:56.5943;10513;51caaf75357bcd94df42f378032ef3a6;anonymous;NULL;NULL;NULL;NULL;Closed;20;0.0000;0.0000;Stopped;4.3200;7;0.5000;0;0.0000;0;0.5000;0;0.0000;0;0.0000;0;0.0000;NA
